Domain,Phylum,Genome Count,Soi mic 454 2065487018 (MER-FS) (assembled) Estimated Gene Copies,Soi mic 454 2065487018 (MER-FS) (assembled)   &#37; ,Soi mic 454 2067725001 (MER-FS) (assembled) Estimated Gene Copies,Soi mic 454 2067725001 (MER-FS) (assembled)   &#37; ,Soi mic 454 2067725002 (MER-FS) (assembled) Estimated Gene Copies,Soi mic 454 2067725002 (MER-FS) (assembled)   &#37; ,Soi mic Con 2067725004 (MER-FS) (assembled) Estimated Gene Copies,Soi mic Con 2067725004 (MER-FS) (assembled)   &#37; ,Soi mic Pre 2070309009 (MER-FS) (assembled) Estimated Gene Copies,Soi mic Pre 2070309009 (MER-FS) (assembled)   &#37; ,Soi mic asy 2088090014 (MER-FS) (assembled) Estimated Gene Copies,Soi mic asy 2088090014 (MER-FS) (assembled)   &#37; ,Soi mic asy 2088090015 (MER-FS) (assembled) Estimated Gene Copies,Soi mic asy 2088090015 (MER-FS) (assembled)   &#37; ,Soi mic gai 2228664021 (MER-FS) (assembled) Estimated Gene Copies,Soi mic gai 2228664021 (MER-FS) (assembled)   &#37; ,Soi mic gai 2228664022 (MER-FS) (assembled) Estimated Gene Copies,Soi mic gai 2228664022 (MER-FS) (assembled)   &#37; ,Soi mic gai 3300000033 (MER-FS) (assembled) Estimated Gene Copies,Soi mic gai 3300000033 (MER-FS) (assembled)   &#37; ,Soi mic gai 3300000363 (MER-FS) (assembled) Estimated Gene Copies,Soi mic gai 3300000363 (MER-FS) (assembled)   &#37; ,Soi mic gai 3300000364 (MER-FS) (assembled) Estimated Gene Copies,Soi mic gai 3300000364 (MER-FS) (assembled)   &#37; ,Soi mic gai 3300000787 (MER-FS) (assembled) Estimated Gene Copies,Soi mic gai 3300000787 (MER-FS) (assembled)   &#37; ,Soi mic gai 3300000789 (MER-FS) (assembled) Estimated Gene Copies,Soi mic gai 3300000789 (MER-FS) (assembled)   &#37; ,Soi mic Vet 3300000858 (MER-FS) (assembled) Estimated Gene Copies,Soi mic Vet 3300000858 (MER-FS) (assembled)   &#37; ,Soi mic Vet 3300000890 (MER-FS) (assembled) Estimated Gene Copies,Soi mic Vet 3300000890 (MER-FS) (assembled)   &#37; ,Soi mic Vet 3300000891 (MER-FS) (assembled) Estimated Gene Copies,Soi mic Vet 3300000891 (MER-FS) (assembled)   &#37; ,Soi mic Vet 3300000953 (MER-FS) (assembled) Estimated Gene Copies,Soi mic Vet 3300000953 (MER-FS) (assembled)   &#37; ,Soi mic Vet 3300000955 (MER-FS) (assembled) Estimated Gene Copies,Soi mic Vet 3300000955 (MER-FS) (assembled)   &#37; ,Soi mic Vet 3300000956 (MER-FS) (assembled) Estimated Gene Copies,Soi mic Vet 3300000956 (MER-FS) (assembled)   &#37; 
Archaea,Aigarchaeota,8,17,0,21,0,11,0,53,0.01,35,0,8,0,8,0,70,0,49,0,0,0,0,0,0,0,0,0,0,0,0,0,0,0,0,0,0,0,0,0,0,0
Archaea,Candidatus Aenigmarchaeota,1,5,0,11,0,3,0,22,0,23,0,5,0,5,0,20,0,16,0,0,0,0,0,0,0,0,0,0,0,0,0,0,0,0,0,0,0,0,0,0,0
Archaea,Candidatus Bathyarchaeota,6,33,0.01,62,0.01,46,0.01,127,0.01,110,0.01,28,0.01,36,0.01,211,0.01,185,0.01,0,0,0,0,0,0,0,0,0,0,0,0,0,0,0,0,0,0,0,0,0,0
Archaea,Candidatus Korarchaeota,1,4,0,7,0,7,0,19,0,12,0,8,0,7,0,33,0,23,0,196,0.01,6476,0.02,7006,0.01,4288,0.02,199,0,14215,0.02,7846,0.01,6116,0.01,593,0.01,10500,0.01,1775,0.01
Archaea,Candidatus Micrarchaeota,26,19,0,32,0.01,21,0,61,0.01,59,0.01,15,0,10,0,90,0.01,74,0.01,0,0,0,0,0,0,0,0,0,0,0,0,0,0,0,0,0,0,0,0,0,0
Archaea,Candidatus Parvarchaeota,7,2,0,0,0,1,0,6,0,3,0,1,0,0,0,6,0,13,0,0,0,0,0,0,0,0,0,0,0,0,0,0,0,0,0,0,0,0,0,0,0
Archaea,Crenarchaeota,92,125,0.03,173,0.04,130,0.03,366,0.04,334,0.03,78,0.02,77,0.02,654,0.04,533,0.04,2895,0.09,52366,0.14,68734,0.11,46128,0.2,2277,0.05,174722,0.26,99187,0.11,78207,0.13,7182,0.13,170997,0.09,22155,0.07
Archaea,Diapherotrites,2,10,0,8,0,3,0,16,0,16,0,6,0,1,0,25,0,36,0,0,0,0,0,0,0,0,0,0,0,0,0,0,0,0,0,0,0,0,0,0,0
Archaea,Euryarchaeota,436,1376,0.31,1881,0.43,1458,0.34,4082,0.43,3966,0.37,1259,0.32,852,0.24,5193,0.35,5085,0.35,25520,0.83,310185,0.85,487477,0.75,265776,1.18,20379,0.49,949776,1.4,623690,0.7,551133,0.95,43456,0.81,1506487,0.77,188529,0.59
Archaea,Geoarchaeota,1,0,0,0,0,0,0,0,0,0,0,0,0,0,0,0,0,0,0,0,0,0,0,0,0,17142,0.08,379,0.01,60047,0.09,32120,0.04,21250,0.04,2098,0.04,43867,0.02,3724,0.01
Archaea,Nanoarchaeota,3,0,0,0,0,1,0,4,0,3,0,0,0,3,0,6,0,2,0,5,0,229,0,132,0,185,0,5,0,888,0,623,0,234,0,32,0,282,0,51,0
Archaea,Thaumarchaeota,23,204,0.05,1774,0.4,788,0.18,2249,0.24,688,0.06,163,0.04,5674,1.62,25972,1.74,884,0.06,6162,0.2,198019,0.54,34931,0.05,459926,2.04,3475,0.08,1441645,2.13,691436,0.78,320847,0.55,45976,0.86,124549,0.06,25542,0.08
Bacteria,Acetothermia,1,20,0,11,0,11,0,41,0,34,0,37,0.01,4,0,39,0,39,0,0,0,0,0,0,0,0,0,0,0,0,0,0,0,0,0,0,0,0,0,0,0
Bacteria,Acidobacteria,31,25404,5.78,21401,4.84,20166,4.65,67302,7.17,60895,5.73,45362,11.42,21490,6.13,86734,5.8,143934,9.8,116849,3.79,2499226,6.82,7421623,11.37,1813734,8.06,281344,6.74,1599163,2.36,3918102,4.41,4576785,7.86,367808,6.85,17055278,8.71,1306970,4.11
Bacteria,Actinobacteria,3193,57232,13.03,126332,28.54,102393,23.59,169904,18.1,273897,25.78,15915,4.01,69736,19.91,267094,17.86,96919,6.6,406618,13.18,8002573,21.84,5941339,9.1,2784619,12.37,127470,3.06,31674597,46.69,21441875,24.15,10480154,18.01,522443,9.73,13296561,6.79,5594692,17.6
Bacteria,Aerophobetes,4,96,0.02,76,0.02,85,0.02,238,0.03,201,0.02,101,0.03,53,0.02,299,0.02,422,0.03,0,0,0,0,0,0,0,0,0,0,0,0,0,0,0,0,0,0,0,0,0,0
Bacteria,Aminicenantes,33,231,0.05,253,0.06,212,0.05,692,0.07,595,0.06,244,0.06,147,0.04,1048,0.07,989,0.07,0,0,0,0,0,0,0,0,0,0,0,0,0,0,0,0,0,0,0,0,0,0
Bacteria,Aquificae,30,170,0.04,192,0.04,183,0.04,546,0.06,444,0.04,136,0.03,97,0.03,692,0.05,743,0.05,7991,0.26,47843,0.13,87323,0.13,27424,0.12,2497,0.06,94463,0.14,82131,0.09,98971,0.17,7294,0.14,257965,0.13,31393,0.1
Bacteria,Armatimonadetes,3,535,0.12,450,0.1,375,0.09,1741,0.19,1210,0.11,444,0.11,183,0.05,1020,0.07,1547,0.11,0,0,0,0,0,0,0,0,0,0,0,0,0,0,0,0,0,0,0,0,0,0
Bacteria,Atribacteria,13,71,0.02,54,0.01,60,0.01,142,0.02,119,0.01,62,0.02,29,0.01,244,0.02,263,0.02,0,0,0,0,0,0,0,0,0,0,0,0,0,0,0,0,0,0,0,0,0,0
Bacteria,BRC1,2,156,0.04,119,0.03,110,0.03,340,0.04,268,0.03,170,0.04,60,0.02,319,0.02,564,0.04,0,0,0,0,0,0,0,0,0,0,0,0,0,0,0,0,0,0,0,0,0,0
Bacteria,Bacteroidetes,1438,7429,1.69,8242,1.86,8211,1.89,23753,2.53,23035,2.17,8675,2.18,15324,4.37,59172,3.96,41799,2.84,116926,3.79,1936541,5.29,3288990,5.04,2311483,10.27,193474,4.64,1713942,2.53,4177921,4.7,1943311,3.34,237869,4.43,7749175,3.96,1132927,3.56
Bacteria,Balneolaeota,3,115,0.03,107,0.02,135,0.03,304,0.03,347,0.03,155,0.04,124,0.04,662,0.04,421,0.03,0,0,0,0,0,0,0,0,0,0,0,0,0,0,0,0,0,0,0,0,0,0
Bacteria,Caldiserica,2,15,0,10,0,17,0,35,0,43,0,5,0,1,0,59,0,50,0,0,0,0,0,0,0,3662,0.02,232,0.01,10802,0.02,6821,0.01,8472,0.01,731,0.01,20965,0.01,3312,0.01
Bacteria,Calditrichaeota,1,104,0.02,103,0.02,96,0.02,329,0.04,272,0.03,102,0.03,89,0.03,486,0.03,441,0.03,0,0,0,0,0,0,0,0,0,0,0,0,0,0,0,0,0,0,0,0,0,0
Bacteria,Calescamantes,9,28,0.01,20,0,16,0,62,0.01,54,0.01,32,0.01,9,0,88,0.01,146,0.01,0,0,0,0,0,0,0,0,0,0,0,0,0,0,0,0,0,0,0,0,0,0
Bacteria,Candidatus Acetothermia,1,7,0,5,0,6,0,7,0,10,0,7,0,1,0,15,0,17,0,0,0,0,0,0,0,0,0,0,0,0,0,0,0,0,0,0,0,0,0,0,0
Bacteria,Candidatus Atribacteria,2,32,0.01,53,0.01,31,0.01,99,0.01,109,0.01,29,0.01,21,0.01,115,0.01,147,0.01,0,0,0,0,0,0,0,0,0,0,0,0,0,0,0,0,0,0,0,0,0,0
Bacteria,Candidatus Cloacimonetes,1,0,0,0,0,0,0,0,0,0,0,0,0,0,0,0,0,0,0,381,0.01,7079,0.02,12554,0.02,4225,0.02,394,0.01,4502,0.01,9864,0.01,9235,0.02,0,0,0,0,0,0
Bacteria,Candidatus Marinimicrobia,2,63,0.01,55,0.01,59,0.01,166,0.02,134,0.01,44,0.01,18,0.01,236,0.02,210,0.01,0,0,0,0,0,0,0,0,0,0,0,0,0,0,0,0,0,0,0,0,0,0
Bacteria,Candidatus Melainabacteria,1,31,0.01,35,0.01,35,0.01,116,0.01,93,0.01,34,0.01,19,0.01,115,0.01,136,0.01,0,0,0,0,0,0,0,0,0,0,0,0,0,0,0,0,0,0,0,0,0,0
Bacteria,Candidatus Parcubacteria,1,9,0,14,0,9,0,54,0.01,49,0,4,0,22,0.01,75,0.01,29,0,0,0,0,0,0,0,0,0,0,0,0,0,0,0,0,0,0,0,0,0,0,0
Bacteria,Candidatus Peregrinibacteria,2,9,0,23,0.01,19,0,46,0,67,0.01,4,0,10,0,69,0,32,0,0,0,0,0,0,0,0,0,0,0,0,0,0,0,0,0,0,0,0,0,0,0
Bacteria,Candidatus Saccharibacteria,2,25,0.01,36,0.01,109,0.03,108,0.01,99,0.01,6,0,30,0.01,1875,0.13,44,0,623,0.02,33720,0.09,9693,0.01,36545,0.16,573,0.01,7754,0.01,35520,0.04,4076,0.01,654,0.01,13059,0.01,4825,0.02
Bacteria,Chlamydiae,80,205,0.05,120,0.03,113,0.03,407,0.04,265,0.02,266,0.07,74,0.02,653,0.04,706,0.05,1534,0.05,17984,0.05,47727,0.07,16453,0.07,1820,0.04,39015,0.06,39103,0.04,32611,0.06,3028,0.06,265915,0.14,13693,0.04
Bacteria,Chlorobi,15,250,0.06,243,0.05,198,0.05,578,0.06,511,0.05,239,0.06,118,0.03,753,0.05,945,0.06,10756,0.35,118389,0.32,249036,0.38,62333,0.28,7431,0.18,102409,0.15,162741,0.18,142419,0.24,11682,0.22,584644,0.3,49918,0.16
Bacteria,Chloroflexi,53,6522,1.48,9620,2.17,8124,1.87,22955,2.45,21636,2.04,3608,0.91,2913,0.83,28253,1.89,17321,1.18,77493,2.51,1459499,3.98,2005822,3.07,911299,4.05,70740,1.7,2975333,4.39,2023249,2.28,2437755,4.19,165609,3.09,4604495,2.35,864557,2.72
Bacteria,Chrysiogenetes,2,27,0.01,18,0,28,0.01,88,0.01,66,0.01,27,0.01,11,0,96,0.01,103,0.01,261,0.01,9283,0.03,17418,0.03,5117,0.02,401,0.01,8959,0.01,13280,0.01,15618,0.03,0,0,0,0,0,0
Bacteria,Cloacimonetes,28,58,0.01,43,0.01,48,0.01,151,0.02,105,0.01,103,0.03,34,0.01,213,0.01,250,0.02,0,0,0,0,0,0,0,0,0,0,0,0,0,0,0,0,0,0,0,0,0,0
Bacteria,Cyanobacteria,270,6417,1.46,5662,1.28,4802,1.11,15009,1.6,12076,1.14,7717,1.94,3458,0.99,18118,1.21,25966,1.77,55642,1.8,882246,2.41,2054274,3.15,537223,2.39,69132,1.66,1051461,1.55,1178857,1.33,1049224,1.8,91401,1.7,5074805,2.59,380346,1.2
Bacteria,Deferribacteres,7,76,0.02,62,0.01,65,0.01,220,0.02,153,0.01,52,0.01,36,0.01,282,0.02,299,0.02,836,0.03,29061,0.08,59058,0.09,13832,0.06,1337,0.03,35989,0.05,45282,0.05,52752,0.09,3857,0.07,145504,0.07,16075,0.05
Bacteria,Deinococcus-Thermus,63,1255,0.29,1851,0.42,1454,0.33,3756,0.4,4015,0.38,1045,0.26,739,0.21,4455,0.3,4034,0.27,16733,0.54,302530,0.83,449926,0.69,188924,0.84,15954,0.38,834815,1.23,635710,0.72,633767,1.09,40116,0.75,1470188,0.75,242853,0.76
Bacteria,Dictyoglomi,2,28,0.01,58,0.01,34,0.01,131,0.01,81,0.01,26,0.01,15,0,131,0.01,124,0.01,3282,0.11,16875,0.05,29141,0.04,8403,0.04,763,0.02,42786,0.06,25100,0.03,30387,0.05,2210,0.04,68498,0.03,10585,0.03
Bacteria,EM3,1,1,0,3,0,0,0,2,0,2,0,0,0,0,0,2,0,5,0,0,0,0,0,0,0,0,0,0,0,0,0,0,0,0,0,0,0,0,0,0,0
Bacteria,Elusimicrobia,3,37,0.01,21,0,19,0,98,0.01,54,0.01,27,0.01,6,0,88,0.01,79,0.01,216,0.01,8035,0.02,12027,0.02,4126,0.02,339,0.01,6208,0.01,8318,0.01,9318,0.02,968,0.02,37293,0.02,3298,0.01
Bacteria,Fervidibacteria,4,106,0.02,89,0.02,69,0.02,245,0.03,207,0.02,67,0.02,51,0.01,217,0.01,343,0.02,0,0,0,0,0,0,0,0,0,0,0,0,0,0,0,0,0,0,0,0,0,0
Bacteria,Fibrobacteres,28,54,0.01,31,0.01,44,0.01,133,0.01,119,0.01,40,0.01,18,0.01,136,0.01,176,0.01,1621,0.05,5178,0.01,12464,0.02,2541,0.01,302,0.01,4091,0.01,6990,0.01,8897,0.02,612,0.01,38765,0.02,3192,0.01
Bacteria,Firmicutes,4349,8845,2.01,11533,2.61,9454,2.18,25566,2.72,25718,2.42,6213,1.56,4428,1.26,30540,2.04,29818,2.03,137797,4.47,1409933,3.85,2273656,3.48,894151,3.97,80113,1.92,3680915,5.43,2615939,2.95,2898995,4.98,191780,3.57,6763887,3.45,1007374,3.17
Bacteria,Fusobacteria,82,39,0.01,44,0.01,40,0.01,85,0.01,125,0.01,25,0.01,19,0.01,126,0.01,141,0.01,3802,0.12,16813,0.05,29657,0.05,11826,0.05,976,0.02,29039,0.04,25735,0.03,22215,0.04,2109,0.04,83535,0.04,9432,0.03
Bacteria,Gemmatimonadetes,4,2868,0.65,3021,0.68,11113,2.56,16344,1.74,12090,1.14,1040,0.26,16690,4.76,48969,3.27,9106,0.62,23988,0.78,1091761,2.98,467381,0.72,346508,1.54,9516,0.23,182388,0.27,2860955,3.22,1393658,2.39,66720,1.24,746815,0.38,279913,0.88
Bacteria,Gracilibacteria,2,3,0,1,0,1,0,3,0,7,0,2,0,2,0,11,0,7,0,0,0,0,0,0,0,0,0,0,0,0,0,0,0,0,0,0,0,0,0,0,0
Bacteria,Hydrogenedentes,3,49,0.01,30,0.01,40,0.01,147,0.02,90,0.01,36,0.01,15,0,139,0.01,190,0.01,0,0,0,0,0,0,0,0,0,0,0,0,0,0,0,0,0,0,0,0,0,0
Bacteria,Ignavibacteriae,3,184,0.04,140,0.03,187,0.04,545,0.06,435,0.04,178,0.04,97,0.03,815,0.05,761,0.05,0,0,0,0,0,0,27675,0.12,3433,0.08,44524,0.07,88157,0.1,92016,0.16,6919,0.13,353627,0.18,27569,0.09
Bacteria,Latescibacteria,4,134,0.03,125,0.03,111,0.03,345,0.04,280,0.03,136,0.03,70,0.02,494,0.03,583,0.04,0,0,0,0,0,0,0,0,0,0,0,0,0,0,0,0,0,0,0,0,0,0
Bacteria,Lentisphaerae,2,52,0.01,43,0.01,30,0.01,104,0.01,93,0.01,59,0.01,9,0,88,0.01,214,0.01,1401,0.05,24216,0.07,64007,0.1,13758,0.06,2051,0.05,19532,0.03,29025,0.03,27734,0.05,2629,0.05,175027,0.09,12877,0.04
Bacteria,Marinimicrobia,15,76,0.02,71,0.02,74,0.02,209,0.02,160,0.02,105,0.03,43,0.01,295,0.02,304,0.02,0,0,0,0,0,0,0,0,0,0,0,0,0,0,0,0,0,0,0,0,0,0
Bacteria,Microgenomates,6,20,0,37,0.01,31,0.01,95,0.01,95,0.01,21,0.01,14,0,111,0.01,62,0,419,0.01,2561,0.01,4741,0.01,1805,0.01,178,0,7022,0.01,4653,0.01,3713,0.01,254,0,10115,0.01,1489,0
Bacteria,Nitrospinae,8,337,0.08,218,0.05,232,0.05,752,0.08,563,0.05,344,0.09,151,0.04,1050,0.07,1565,0.11,0,0,0,0,0,0,0,0,0,0,0,0,0,0,0,0,0,0,0,0,0,0
Bacteria,Nitrospirae,18,1736,0.4,1320,0.3,2301,0.53,5805,0.62,3193,0.3,1848,0.47,7415,2.12,22479,1.5,7634,0.52,20698,0.67,539767,1.47,398220,0.61,683130,3.04,9573,0.23,259997,0.38,1073487,1.21,1239003,2.13,62595,1.17,942292,0.48,97960,0.31
Bacteria,Omnitrophica,4,142,0.03,110,0.02,69,0.02,361,0.04,235,0.02,177,0.04,61,0.02,382,0.03,636,0.04,0,0,0,0,0,0,0,0,0,0,0,0,0,0,0,0,0,0,0,0,0,0
Bacteria,PER,1,0,0,2,0,2,0,2,0,4,0,0,0,2,0,5,0,0,0,0,0,0,0,0,0,0,0,0,0,0,0,0,0,0,0,0,0,0,0,0,0
Bacteria,Parcubacteria,8,38,0.01,59,0.01,56,0.01,179,0.02,129,0.01,16,0,274,0.08,583,0.04,105,0.01,0,0,0,0,0,0,0,0,0,0,0,0,0,0,0,0,0,0,0,0,0,0
Bacteria,Planctomycetes,52,14225,3.24,11882,2.68,7454,1.72,27674,2.95,28840,2.71,6230,1.57,2130,0.61,14432,0.97,26156,1.78,42605,1.38,702633,1.92,1864595,2.86,517032,2.3,81038,1.94,666622,0.98,1017133,1.15,1281402,2.2,102254,1.9,5396678,2.76,724931,2.28
Bacteria,Poribacteria,1,48,0.01,63,0.01,49,0.01,145,0.02,123,0.01,40,0.01,31,0.01,154,0.01,248,0.02,0,0,0,0,0,0,0,0,0,0,0,0,0,0,0,0,0,0,0,0,0,0
Bacteria,Proteobacteria,9977,136063,30.97,102470,23.15,135743,31.27,250910,26.73,275936,25.97,101704,25.61,117464,33.53,474646,31.74,500093,34.04,828230,26.85,13328943,36.38,25142381,38.53,8023044,35.65,719224,17.24,15461417,22.79,37257549,41.96,23424717,40.25,1222089,22.77,77101161,39.37,8292087,26.08
Bacteria,Spirochaetes,285,598,0.14,455,0.1,428,0.1,1376,0.15,1148,0.11,525,0.13,234,0.07,1705,0.11,2245,0.15,6995,0.23,96689,0.26,198973,0.3,67725,0.3,7462,0.18,172219,0.25,185956,0.21,189989,0.33,14378,0.27,590417,0.3,69821,0.22
Bacteria,Synergistetes,25,151,0.03,203,0.05,189,0.04,452,0.05,461,0.04,112,0.03,61,0.02,557,0.04,531,0.04,7923,0.26,58271,0.16,88982,0.14,30132,0.13,2508,0.06,121571,0.18,98961,0.11,104140,0.18,6898,0.13,247585,0.13,35732,0.11
Bacteria,Tenericutes,148,8,0,24,0.01,15,0,49,0.01,43,0,8,0,1,0,39,0,54,0,249,0.01,1649,0,3157,0,2878,0.01,156,0,5487,0.01,5671,0.01,3587,0.01,340,0.01,14228,0.01,1820,0.01
Bacteria,Thermodesulfobacteria,7,149,0.03,117,0.03,101,0.02,303,0.03,283,0.03,125,0.03,67,0.02,445,0.03,624,0.04,622,0.02,24850,0.07,52078,0.08,12942,0.06,1404,0.03,47369,0.07,40187,0.05,54961,0.09,2870,0.05,115500,0.06,12578,0.04
Bacteria,Thermotogae,45,146,0.03,158,0.04,159,0.04,417,0.04,398,0.04,81,0.02,64,0.02,570,0.04,501,0.03,8555,0.28,42143,0.12,61334,0.09,26430,0.12,1933,0.05,96074,0.14,69714,0.08,67982,0.12,5598,0.1,172720,0.09,25518,0.08
Bacteria,Verrucomicrobia,39,40430,9.2,5467,1.24,7865,1.81,25454,2.71,22387,2.11,96281,24.24,8980,2.56,42924,2.87,136765,9.31,64660,2.1,1287973,3.52,7348887,11.26,1053028,4.68,201533,4.83,545286,0.8,3142886,3.54,2122265,3.65,200577,3.74,40505241,20.68,864313,2.72
Bacteria,WS1,1,25,0.01,10,0,13,0,49,0.01,23,0,19,0,4,0,23,0,60,0,0,0,0,0,0,0,0,0,0,0,0,0,0,0,0,0,0,0,0,0,0,0
Bacteria,candidate division NC10,1,745,0.17,417,0.09,451,0.1,1257,0.13,810,0.08,844,0.21,438,0.13,2173,0.15,3481,0.24,0,0,0,0,0,0,0,0,0,0,0,0,0,0,0,0,0,0,0,0,0,0
Bacteria,unclassified,2,4,0,4,0,5,0,26,0,22,0,9,0,3,0,27,0,29,0,0,0,0,0,0,0,0,0,0,0,0,0,0,0,0,0,0,0,0,0,0,0
Eukaryota,Annelida,2,6,0,15,0,13,0,37,0,23,0,12,0,9,0,92,0.01,32,0,0,0,0,0,0,0,6447,0.03,481,0.01,13352,0.02,18724,0.02,9055,0.02,724,0.01,46026,0.02,3899,0.01
Eukaryota,Apicomplexa,20,12,0,15,0,9,0,29,0,26,0,8,0,25,0.01,55,0,29,0,593,0.02,2569,0.01,5835,0.01,2678,0.01,255,0.01,16380,0.02,18884,0.02,8296,0.01,620,0.01,29629,0.02,2877,0.01
Eukaryota,Arthropoda,21,73,0.02,88,0.02,81,0.02,153,0.02,177,0.02,28,0.01,117,0.03,821,0.05,148,0.01,4897,0.16,36864,0.1,38212,0.06,59722,0.27,1734,0.04,58194,0.09,146918,0.17,40073,0.07,3119,0.06,165571,0.08,17919,0.06
Eukaryota,Ascomycota,93,1432,0.33,459,0.1,157,0.04,496,0.05,701,0.07,207,0.05,59,0.02,292,0.02,8303,0.57,9060,0.29,48633,0.13,1308153,2,34639,0.15,117182,2.81,160620,0.24,116301,0.13,81020,0.14,6285,0.12,1974232,1.01,41619,0.13
Eukaryota,Bacillariophyta,2,3,0,9,0,11,0,47,0.01,14,0,3,0,4,0,22,0,29,0,866,0.03,4209,0.01,8987,0.01,2444,0.01,291,0.01,4799,0.01,6827,0.01,5347,0.01,479,0.01,19344,0.01,2460,0.01
Eukaryota,Basidiomycota,21,200,0.05,505,0.11,55,0.01,167,0.02,137,0.01,31,0.01,15,0,99,0.01,463,0.03,1272,0.04,7400,0.02,58749,0.09,10757,0.05,7514,0.18,512734,0.76,38203,0.04,26623,0.05,2227,0.04,193151,0.1,13167,0.04
Eukaryota,Blastocladiomycota,1,13,0,3,0,12,0,17,0,28,0,8,0,3,0,11,0,9,0,0,0,0,0,0,0,1990,0.01,192,0,9211,0.01,10406,0.01,7383,0.01,444,0.01,23780,0.01,3051,0.01
Eukaryota,Chlorophyta,13,93,0.02,120,0.03,95,0.02,255,0.03,267,0.03,45,0.01,45,0.01,175,0.01,187,0.01,1763,0.06,10376,0.03,19725,0.03,13411,0.06,1331,0.03,64119,0.09,67412,0.08,49636,0.09,3109,0.06,138037,0.07,21696,0.07
Eukaryota,Chordata,9,84,0.02,82,0.02,82,0.02,241,0.03,169,0.02,32,0.01,42,0.01,209,0.01,153,0.01,2048,0.07,15330,0.04,31277,0.05,21383,0.1,1956,0.05,69300,0.1,73813,0.08,41922,0.07,3327,0.06,174972,0.09,18708,0.06
Eukaryota,Chytridiomycota,3,26,0.01,17,0,11,0,55,0.01,47,0,5,0,12,0,44,0,56,0,0,0,0,0,0,0,2706,0.01,463,0.01,8946,0.01,9596,0.01,7668,0.01,552,0.01,29694,0.02,2885,0.01
Eukaryota,Cnidaria,2,16,0,16,0,20,0,46,0,36,0,12,0,66,0.02,185,0.01,40,0,0,0,0,0,0,0,13712,0.06,523,0.01,9132,0.01,32707,0.04,7694,0.01,725,0.01,35792,0.02,3455,0.01
Eukaryota,Microsporidia,6,2,0,1,0,1,0,1,0,0,0,0,0,0,0,3,0,3,0,27,0,560,0,854,0,438,0,25,0,599,0,1211,0,288,0,35,0,2639,0,174,0
Eukaryota,Mollusca,1,10,0,4,0,10,0,15,0,13,0,3,0,1,0,23,0,24,0,0,0,0,0,0,0,2936,0.01,197,0,5656,0.01,8612,0.01,4316,0.01,377,0.01,20045,0.01,1775,0.01
Eukaryota,Nematoda,1,10,0,4,0,2,0,25,0,18,0,2,0,6,0,10,0,17,0,829,0.03,1656,0,4062,0.01,673,0,150,0,3829,0.01,5801,0.01,3568,0.01,227,0,13156,0.01,1407,0
Eukaryota,Phaeophyceae,1,11,0,14,0,8,0,34,0,34,0,5,0,6,0,22,0,25,0,0,0,0,0,0,0,2755,0.01,286,0.01,14281,0.02,12713,0.01,9210,0.02,685,0.01,24738,0.01,4422,0.01
Eukaryota,Placozoa,1,1,0,3,0,9,0,15,0,8,0,3,0,1,0,9,0,11,0,0,0,0,0,0,0,1390,0.01,129,0,2687,0,2232,0,2425,0,205,0,9112,0,991,0
Eukaryota,Porifera,1,19,0,20,0,26,0.01,54,0.01,51,0,10,0,12,0,143,0.01,69,0,0,0,0,0,0,0,7151,0.03,663,0.02,18339,0.03,41160,0.05,18262,0.03,1095,0.02,51081,0.03,6139,0.02
Eukaryota,Streptophyta,34,232,0.05,245,0.06,133,0.03,532,0.06,563,0.05,90,0.02,63,0.02,343,0.02,781,0.05,11025,0.36,44592,0.12,98668,0.15,29127,0.13,4286,0.1,98796,0.15,118041,0.13,80085,0.14,6793,0.13,355350,0.18,33611,0.11
Eukaryota,Zoopagomycota,1,5,0,6,0,7,0,13,0,8,0,15,0,1,0,11,0,11,0,0,0,0,0,0,0,720,0,82,0,2204,0,4271,0,2821,0,173,0,17892,0.01,1003,0
Eukaryota,unclassified,23,145,0.03,148,0.03,155,0.04,383,0.04,330,0.03,97,0.02,64,0.02,315,0.02,321,0.02,2108,0.07,17835,0.05,31310,0.05,33450,0.15,3709,0.09,113371,0.17,129118,0.15,94987,0.16,6522,0.12,323114,0.17,38595,0.12
GFragment:Bacteria,Actinobacteria,249,47,0.01,90,0.02,55,0.01,126,0.01,173,0.02,36,0.01,50,0.01,163,0.01,97,0.01,0,0,0,0,0,0,0,0,0,0,0,0,0,0,0,0,0,0,0,0,0,0
GFragment:Bacteria,Bacteroidetes,1,0,0,0,0,0,0,0,0,0,0,0,0,0,0,0,0,1,0,0,0,0,0,0,0,0,0,0,0,0,0,0,0,0,0,0,0,0,0,0,0
GFragment:Bacteria,Cyanobacteria,16,15,0,4,0,7,0,32,0,14,0,5,0,3,0,13,0,29,0,0,0,0,0,0,0,0,0,0,0,0,0,0,0,0,0,0,0,0,0,0,0
GFragment:Bacteria,Firmicutes,2,0,0,0,0,0,0,0,0,0,0,0,0,0,0,2,0,1,0,0,0,0,0,0,0,0,0,0,0,0,0,0,0,0,0,0,0,0,0,0,0
GFragment:Bacteria,Proteobacteria,43,27,0.01,15,0,27,0.01,90,0.01,62,0.01,11,0,6,0,48,0,87,0.01,0,0,0,0,0,0,0,0,0,0,0,0,0,0,0,0,0,0,0,0,0,0
GFragment:Bacteria,unclassified,13,14,0,12,0,5,0,31,0,15,0,14,0,7,0,29,0,33,0,0,0,0,0,0,0,0,0,0,0,0,0,0,0,0,0,0,0,0,0,0,0
GFragment:Eukaryota,Ascomycota,7,0,0,0,0,0,0,0,0,2,0,0,0,0,0,0,0,5,0,0,0,0,0,0,0,0,0,0,0,0,0,0,0,0,0,0,0,0,0,0,0
Plasmid:Archaea,Crenarchaeota,11,0,0,0,0,0,0,0,0,0,0,0,0,0,0,0,0,0,0,1,0,53,0,107,0,48,0,9,0,219,0,94,0,13,0,7,0,291,0,4,0
Plasmid:Archaea,Euryarchaeota,8,0,0,0,0,0,0,0,0,0,0,0,0,0,0,0,0,0,0,10,0,340,0,66,0,450,0,4,0,765,0,428,0,218,0,22,0,100,0,22,0
Plasmid:Bacteria,Actinobacteria,84,0,0,0,0,0,0,0,0,0,0,0,0,0,0,0,0,0,0,502,0.02,13800,0.04,8442,0.01,7035,0.03,219,0.01,11277,0.02,20958,0.02,4750,0.01,257,0,14818,0.01,2777,0.01
Plasmid:Bacteria,Bacteroidetes,5,0,0,0,0,0,0,0,0,0,0,0,0,0,0,0,0,0,0,25,0,593,0,274,0,323,0,20,0,307,0,1244,0,45,0,21,0,695,0,110,0
Plasmid:Bacteria,Chlorobi,1,0,0,0,0,0,0,0,0,0,0,0,0,0,0,0,0,0,0,2,0,7,0,195,0,7,0,14,0,64,0,0,0,23,0,2,0,429,0,14,0
Plasmid:Bacteria,Cyanobacteria,8,0,0,0,0,0,0,0,0,0,0,0,0,0,0,0,0,0,0,1,0,8,0,67,0,12,0,13,0,22,0,26,0,58,0,3,0,143,0,13,0
Plasmid:Bacteria,Firmicutes,111,0,0,0,0,0,0,0,0,0,0,0,0,0,0,0,0,0,0,80,0,700,0,1685,0,387,0,46,0,678,0,1001,0,220,0,49,0,2245,0,191,0
Plasmid:Bacteria,Fusobacteria,1,0,0,0,0,0,0,0,0,0,0,0,0,0,0,0,0,0,0,0,0,0,0,0,0,0,0,0,0,0,0,0,0,0,0,0,0,0,0,2,0
Plasmid:Bacteria,Nitrospirae,2,0,0,0,0,0,0,0,0,0,0,0,0,0,0,0,0,0,0,17,0,508,0,362,0,202,0,9,0,780,0,365,0,384,0,32,0,1080,0,192,0
Plasmid:Bacteria,Proteobacteria,342,0,0,0,0,0,0,0,0,0,0,0,0,0,0,0,0,0,0,1221,0.04,20601,0.06,46464,0.07,7978,0.04,844,0.02,15303,0.02,19689,0.02,11479,0.02,900,0.02,72055,0.04,4577,0.01
Plasmid:Bacteria,Spirochaetes,2,0,0,0,0,0,0,0,0,0,0,0,0,0,0,0,0,0,0,1,0,15,0,22,0,15,0,0,0,0,0,0,0,0,0,2,0,0,0,0,0
Plasmid:Bacteria,Tenericutes,5,0,0,0,0,0,0,0,0,0,0,0,0,0,0,0,0,0,0,1,0,7,0,0,0,0,0,0,0,153,0,13,0,9,0,2,0,0,0,2,0
Plasmid:Bacteria,Thermi,2,0,0,0,0,0,0,0,0,0,0,0,0,0,0,0,0,0,0,9,0,101,0,182,0,57,0,2,0,134,0,85,0,25,0,4,0,312,0,34,0
Plasmid:Bacteria,Thermotogae,1,0,0,0,0,0,0,0,0,0,0,0,0,0,0,0,0,0,0,0,0,0,0,0,0,0,0,0,0,0,0,22,0,0,0,0,0,0,0,1,0
Plasmid:Bacteria,unclassified,1,0,0,0,0,0,0,0,0,0,0,0,0,0,0,0,0,0,0,0,0,11,0,29,0,12,0,0,0,0,0,0,0,12,0,0,0,0,0,0,0
Plasmid:Eukaryota,Ascomycota,3,0,0,0,0,0,0,0,0,0,0,0,0,0,0,0,0,0,0,1,0,4,0,76,0,16,0,9,0,137,0,0,0,0,0,2,0,72,0,3,0
Plasmid:Eukaryota,Basidiomycota,1,0,0,0,0,0,0,0,0,0,0,0,0,0,0,0,0,0,0,1,0,0,0,0,0,0,0,0,0,0,0,0,0,0,0,0,0,0,0,0,0
Plasmid:Eukaryota,Streptophyta,1,0,0,0,0,0,0,0,0,0,0,0,0,0,0,0,0,0,0,0,0,2,0,14,0,0,0,0,0,116,0,29,0,0,0,0,0,9,0,0,0
Plasmid:Eukaryota,unclassified eukaryotes,1,0,0,0,0,0,0,0,0,0,0,0,0,0,0,0,0,0,0,0,0,10,0,0,0,0,0,0,0,0,0,0,0,0,0,0,0,0,0,0,0
Viruses,Retro-transcribing viruses,38,0,0,0,0,0,0,0,0,0,0,0,0,0,0,0,0,0,0,3,0,91,0,226,0,0,0,7,0,96,0,213,0,15,0,4,0,239,0,18,0
Viruses,Satellites,1,0,0,0,0,0,0,0,0,0,0,0,0,1,0,1,0,0,0,0,0,0,0,0,0,0,0,0,0,0,0,0,0,0,0,0,0,0,0,0,0
Viruses,dsDNA viruses,1,0,0,0,0,0,0,0,0,0,0,0,0,0,0,0,0,0,0,1,0,49,0,23,0,67,0,2,0,18,0,74,0,0,0,1,0,16,0,3,0
Viruses,dsDNA viruses no RNA stage,1272,75,0.02,146,0.03,225,0.05,169,0.02,169,0.02,83,0.02,928,0.26,2389,0.16,243,0.02,4795,0.16,156854,0.43,43391,0.07,157194,0.7,1966,0.05,48120,0.07,251489,0.28,15670,0.03,1461,0.03,78374,0.04,8586,0.03
Viruses,dsRNA viruses,19,0,0,0,0,0,0,0,0,0,0,0,0,0,0,0,0,0,0,2,0,13,0,9,0,0,0,2,0,116,0,20,0,22,0,2,0,46,0,10,0
Viruses,ssDNA viruses,44,0,0,2,0,0,0,1,0,0,0,0,0,1,0,3,0,4,0,4,0,30,0,251,0,55,0,15,0,120,0,290,0,92,0,9,0,726,0,35,0
Viruses,ssRNA (+) viruses,1,0,0,0,0,0,0,0,0,0,0,0,0,1,0,0,0,0,0,0,0,0,0,0,0,0,0,0,0,0,0,0,0,0,0,0,0,0,0,0,0
Viruses,ssRNA viruses,71,0,0,0,0,0,0,0,0,0,0,0,0,0,0,0,0,0,0,1,0,93,0,47,0,81,0,8,0,188,0,280,0,150,0,9,0,411,0,50,0
Viruses,unassigned viruses,2,0,0,0,0,0,0,0,0,0,0,0,0,0,0,0,0,0,0,0,0,0,0,11,0,8,0,0,0,102,0,0,0,0,0,1,0,0,0,3,0
Viruses,unclassified,51,4,0,6,0,19,0,13,0,8,0,9,0,89,0.03,155,0.01,19,0,0,0,0,0,0,0,0,0,0,0,0,0,0,0,0,0,0,0,0,0,0,0
Viruses,unclassified archaeal viruses,1,0,0,0,0,0,0,0,0,0,0,0,0,0,0,0,0,0,0,0,0,12,0,26,0,12,0,2,0,57,0,0,0,6,0,0,0,11,0,0,0
Viruses,unclassified phages,19,0,0,0,0,0,0,0,0,2,0,0,0,1,0,5,0,0,0,16,0,192,0,192,0,191,0,11,0,208,0,340,0,36,0,8,0,291,0,27,0
Viruses,unclassified virophages,1,0,0,0,0,0,0,0,0,0,0,0,0,0,0,0,0,0,0,0,0,0,0,0,0,0,0,0,0,0,0,0,0,0,0,0,0,10,0,0,0
Viruses,unclassified viruses,2,0,0,0,0,0,0,1,0,0,0,0,0,1,0,2,0,0,0,0,0,0,0,0,0,0,0,0,0,0,0,0,0,0,0,0,0,0,0,0,0